fundo,fecha,temp_max,temp_min,precipitacion_mm,humedad_pct,radiacion_mj_m2
San Ramón,2023-01-01,27.4,15.4,3.0,76.3,19.1
San Ramón,2023-01-04,26.5,16.3,20.0,52.6,21.8
San Ramón,2023-01-07,26.6,19.2,6.6,81.7,16.0
San Ramón,2023-01-10,26.8,14.2,30.8,82.5,25.9
San Ramón,2023-01-13,24.8,15.8,0.0,75.9,13.0
San Ramón,2023-01-16,23.7,17.7,5.5,65.5,20.6
San Ramón,2023-01-19,28.7,16.4,9.4,78.4,21.1
San Ramón,2023-01-22,26.1,16.8,5.4,87.2,23.1
San Ramón,2023-01-25,30.7,15.5,20.2,67.6,19.4
San Ramón,2023-01-28,25.2,19.2,11.3,66.9,22.6
San Ramón,2023-01-31,28.2,18.1,5.7,68.5,19.8
San Ramón,2023-02-03,29.2,15.4,6.9,59.2,19.8
San Ramón,2023-02-06,27.8,20.0,0.5,70.8,19.9
San Ramón,2023-02-09,30.4,15.5,14.1,59.1,25.7
San Ramón,2023-02-12,28.7,15.3,7.3,75.1,19.0
San Ramón,2023-02-15,26.3,15.4,1.2,66.4,18.2
San Ramón,2023-02-18,24.3,16.8,36.6,66.8,20.8
San Ramón,2023-02-21,29.6,18.1,11.1,67.6,17.7
San Ramón,2023-02-24,25.1,15.5,4.0,62.1,20.4
San Ramón,2023-02-27,25.3,13.4,16.6,59.1,21.7
San Ramón,2023-03-02,31.1,15.9,0.3,80.7,12.8
San Ramón,2023-03-05,32.6,21.6,4.2,69.0,17.1
San Ramón,2023-03-08,27.0,15.8,1.3,68.9,16.4
San Ramón,2023-03-11,27.3,17.7,3.2,63.6,19.5
San Ramón,2023-03-14,26.7,17.8,14.5,75.8,13.9
San Ramón,2023-03-17,24.2,15.9,1.6,52.8,23.3
San Ramón,2023-03-20,25.0,19.7,1.0,67.5,21.8
San Ramón,2023-03-23,24.6,17.9,21.9,59.1,18.8
San Ramón,2023-03-26,26.5,16.0,1.9,62.1,26.9
San Ramón,2023-03-29,24.4,19.9,2.3,70.0,18.0
San Ramón,2023-04-01,26.8,18.3,0.1,81.9,18.4
San Ramón,2023-04-04,28.1,15.1,11.8,58.5,18.2
San Ramón,2023-04-07,28.3,12.9,2.3,85.2,24.5
San Ramón,2023-04-10,26.2,13.9,0.5,46.8,24.4
San Ramón,2023-04-13,27.1,20.3,2.2,79.2,19.6
San Ramón,2023-04-16,26.9,13.9,1.1,76.8,27.1
San Ramón,2023-04-19,30.2,15.5,1.2,56.3,25.9
San Ramón,2023-04-22,25.7,19.6,2.7,68.7,22.1
San Ramón,2023-04-25,28.5,16.1,2.5,69.8,18.5
San Ramón,2023-04-28,29.4,16.4,1.1,76.0,19.7
San Ramón,2023-05-01,28.9,15.8,5.6,87.4,26.2
San Ramón,2023-05-04,29.9,15.9,1.3,83.8,18.6
San Ramón,2023-05-07,26.1,20.4,1.4,87.7,14.4
San Ramón,2023-05-10,29.0,20.8,2.5,67.4,15.3
San Ramón,2023-05-13,30.4,15.1,1.4,57.7,26.2
San Ramón,2023-05-16,30.6,16.6,2.6,85.4,18.5
San Ramón,2023-05-19,24.9,13.2,13.0,55.5,17.5
San Ramón,2023-05-22,29.5,15.9,0.2,62.8,20.3
San Ramón,2023-05-25,32.5,16.0,3.8,54.3,26.1
San Ramón,2023-05-28,26.5,18.8,0.1,76.1,22.7
San Ramón,2023-05-31,26.5,18.9,3.2,77.8,18.4
San Ramón,2023-06-03,28.6,15.8,4.7,59.3,21.0
San Ramón,2023-06-06,27.8,15.6,0.3,71.3,17.5
San Ramón,2023-06-09,27.4,14.7,2.6,80.6,21.1
San Ramón,2023-06-12,30.6,12.7,4.8,66.0,14.5
San Ramón,2023-06-15,27.1,17.1,3.3,58.6,21.6
San Ramón,2023-06-18,27.7,17.4,0.4,83.8,19.6
San Ramón,2023-06-21,32.1,15.1,4.1,69.4,18.7
San Ramón,2023-06-24,29.3,16.1,1.0,82.3,27.5
San Ramón,2023-06-27,27.6,14.1,1.9,70.1,16.0
San Ramón,2023-06-30,31.8,21.2,1.2,69.9,14.8
San Ramón,2023-07-03,31.5,16.8,1.4,74.8,17.7
San Ramón,2023-07-06,28.0,13.8,0.9,81.6,19.2
San Ramón,2023-07-09,27.3,14.3,0.1,61.2,18.1
San Ramón,2023-07-12,27.7,16.9,3.3,67.7,23.2
San Ramón,2023-07-15,26.7,16.2,0.1,68.7,15.9
San Ramón,2023-07-18,27.6,18.7,1.3,66.3,14.5
San Ramón,2023-07-21,30.0,16.5,0.7,70.9,15.2
San Ramón,2023-07-24,25.1,13.8,9.6,62.7,21.9
San Ramón,2023-07-27,25.6,18.2,0.7,70.4,20.2
San Ramón,2023-07-30,33.5,17.9,0.3,76.9,28.6
San Ramón,2023-08-02,23.6,15.0,2.8,65.8,18.7
San Ramón,2023-08-05,24.4,19.5,0.9,68.0,24.2
San Ramón,2023-08-08,27.6,14.7,1.1,67.7,17.0
San Ramón,2023-08-11,28.2,13.9,0.9,71.2,20.8
San Ramón,2023-08-14,31.3,15.8,2.1,64.5,19.2
San Ramón,2023-08-17,27.5,15.0,3.4,64.4,21.4
San Ramón,2023-08-20,28.0,19.1,4.2,77.6,25.5
San Ramón,2023-08-23,29.6,20.1,1.1,79.5,22.8
San Ramón,2023-08-26,27.2,16.6,1.4,76.2,17.1
San Ramón,2023-08-29,27.2,12.0,2.2,67.8,21.8
San Ramón,2023-09-01,31.3,17.3,0.5,57.6,29.6
San Ramón,2023-09-04,30.4,17.1,5.6,58.3,18.8
San Ramón,2023-09-07,31.3,12.9,3.9,75.3,27.9
San Ramón,2023-09-10,23.7,19.9,0.3,65.5,15.1
San Ramón,2023-09-13,25.0,17.5,1.8,77.4,17.3
San Ramón,2023-09-16,24.6,15.6,1.4,67.2,20.1
San Ramón,2023-09-19,29.4,18.8,7.1,59.6,20.3
San Ramón,2023-09-22,28.9,13.8,13.2,62.8,19.2
San Ramón,2023-09-25,25.8,18.1,4.3,54.2,18.7
San Ramón,2023-09-28,27.2,13.8,0.6,66.0,18.4
San Ramón,2023-10-01,28.1,15.4,3.7,74.9,16.8
San Ramón,2023-10-04,27.9,16.9,2.0,64.0,23.1
San Ramón,2023-10-07,27.8,19.7,2.8,72.0,19.0
San Ramón,2023-10-10,28.9,16.3,1.8,70.8,18.4
San Ramón,2023-10-13,26.5,14.3,0.5,61.8,24.4
San Ramón,2023-10-16,24.4,16.9,0.9,48.5,28.1
San Ramón,2023-10-19,26.6,17.0,1.9,77.3,21.1
San Ramón,2023-10-22,30.2,17.7,2.9,75.2,27.9
San Ramón,2023-10-25,29.9,13.1,5.3,64.3,26.0
San Ramón,2023-10-28,27.7,18.8,1.3,76.3,19.0
San Ramón,2023-10-31,31.6,17.6,3.3,48.4,19.7
San Ramón,2023-11-03,28.7,17.1,2.6,66.3,20.2
San Ramón,2023-11-06,30.6,12.1,1.6,66.7,16.4
San Ramón,2023-11-09,28.5,19.1,0.4,68.6,23.5
San Ramón,2023-11-12,29.9,16.5,3.2,63.6,23.4
San Ramón,2023-11-15,27.6,14.6,1.4,78.3,17.8
San Ramón,2023-11-18,28.5,19.2,1.5,69.5,19.3
San Ramón,2023-11-21,28.6,19.2,4.2,75.7,24.1
San Ramón,2023-11-24,27.2,16.4,3.9,73.4,22.3
San Ramón,2023-11-27,29.1,14.7,0.2,81.7,20.7
San Ramón,2023-11-30,23.9,16.5,4.5,58.6,18.6
San Ramón,2023-12-03,24.2,17.9,1.2,53.5,21.4
San Ramón,2023-12-06,27.5,17.7,5.7,62.0,16.9
San Ramón,2023-12-09,26.3,16.7,2.9,68.1,18.3
San Ramón,2023-12-12,26.8,21.7,10.2,64.4,30.0
San Ramón,2023-12-15,28.7,13.9,4.4,60.9,23.6
San Ramón,2023-12-18,27.2,15.8,6.3,75.7,23.9
San Ramón,2023-12-21,28.8,15.8,5.8,82.1,20.5
San Ramón,2023-12-24,32.2,18.4,3.4,72.5,20.5
San Ramón,2023-12-27,24.6,16.5,18.6,65.8,21.4
San Ramón,2023-12-30,27.7,18.2,4.2,71.7,14.5
San Ramón,2024-01-01,27.1,15.6,2.9,85.4,25.5
San Ramón,2024-01-04,28.4,16.1,14.8,70.7,19.2
San Ramón,2024-01-07,28.1,15.4,17.6,72.0,22.4
San Ramón,2024-01-10,25.7,17.7,8.2,64.3,17.9
San Ramón,2024-01-13,24.6,18.3,8.9,63.0,25.0
San Ramón,2024-01-16,25.9,15.9,1.4,78.3,23.4
San Ramón,2024-01-19,29.1,17.4,5.7,64.8,16.7
San Ramón,2024-01-22,30.5,17.8,3.3,70.4,18.8
San Ramón,2024-01-25,24.5,16.6,0.2,60.5,14.1
San Ramón,2024-01-28,23.4,15.6,10.7,61.2,22.6
San Ramón,2024-01-31,27.1,17.4,9.0,62.1,20.5
San Ramón,2024-02-03,24.1,17.4,18.2,79.2,18.6
San Ramón,2024-02-06,29.9,14.0,9.6,73.8,24.7
San Ramón,2024-02-09,31.5,16.4,7.1,67.1,24.4
San Ramón,2024-02-12,24.9,17.1,6.0,58.8,21.9
San Ramón,2024-02-15,24.0,17.1,7.9,65.0,16.1
San Ramón,2024-02-18,26.1,14.4,0.7,71.0,18.8
San Ramón,2024-02-21,31.5,14.9,0.7,59.6,20.3
San Ramón,2024-02-24,30.3,18.6,5.5,75.6,21.7
San Ramón,2024-02-27,25.9,17.5,2.2,74.7,22.3
San Ramón,2024-03-01,29.0,13.4,12.2,59.8,17.6
San Ramón,2024-03-04,32.7,15.8,7.8,81.5,16.2
San Ramón,2024-03-07,26.2,18.8,0.0,54.4,22.2
San Ramón,2024-03-10,26.3,19.4,1.0,80.5,27.1
San Ramón,2024-03-13,25.2,15.9,2.0,61.4,21.1
San Ramón,2024-03-16,26.7,15.8,7.5,70.7,20.7
San Ramón,2024-03-19,25.8,15.2,2.7,69.6,18.2
San Ramón,2024-03-22,28.1,12.7,0.5,67.2,16.6
San Ramón,2024-03-25,31.4,16.3,8.3,65.2,19.9
San Ramón,2024-03-28,24.3,16.0,8.0,67.2,9.8
San Ramón,2024-03-31,24.5,19.2,8.0,83.2,25.6
San Ramón,2024-04-03,29.0,15.4,4.2,81.5,20.3
San Ramón,2024-04-06,33.5,15.6,0.5,68.4,25.3
San Ramón,2024-04-09,31.5,14.2,1.8,59.7,15.1
San Ramón,2024-04-12,29.0,15.9,1.6,75.6,12.6
San Ramón,2024-04-15,30.5,15.6,0.2,76.2,25.5
San Ramón,2024-04-18,27.0,12.0,1.0,72.0,15.9
San Ramón,2024-04-21,27.7,15.6,3.6,76.7,17.7
San Ramón,2024-04-24,26.3,15.4,0.3,69.6,20.3
San Ramón,2024-04-27,26.2,17.2,0.2,76.5,22.7
San Ramón,2024-04-30,28.8,13.5,2.9,68.0,17.1
San Ramón,2024-05-03,24.6,12.5,7.1,67.4,19.7
San Ramón,2024-05-06,25.3,16.5,10.6,80.9,19.4
San Ramón,2024-05-09,29.0,16.7,0.7,69.1,15.1
San Ramón,2024-05-12,27.0,14.8,0.0,56.6,20.1
San Ramón,2024-05-15,28.7,18.1,1.1,70.2,20.7
San Ramón,2024-05-18,31.2,13.3,5.3,98.0,18.9
San Ramón,2024-05-21,22.6,15.1,11.8,72.4,23.2
San Ramón,2024-05-24,25.0,15.4,1.6,52.5,14.7
San Ramón,2024-05-27,26.7,14.8,1.8,57.4,20.9
San Ramón,2024-05-30,26.9,17.4,0.6,72.1,14.2
San Ramón,2024-06-02,28.5,15.6,0.6,80.5,17.1
San Ramón,2024-06-05,30.7,19.2,0.4,60.2,11.3
San Ramón,2024-06-08,30.0,16.5,0.9,81.7,16.6
San Ramón,2024-06-11,26.2,17.3,4.9,68.9,24.4
San Ramón,2024-06-14,27.8,18.8,0.1,70.1,10.7
San Ramón,2024-06-17,24.5,17.8,2.2,66.7,21.4
San Ramón,2024-06-20,31.0,15.1,2.4,69.5,21.4
San Ramón,2024-06-23,26.9,18.4,2.5,71.2,21.8
San Ramón,2024-06-26,26.3,18.0,5.8,77.9,20.8
San Ramón,2024-06-29,28.2,15.0,4.9,82.2,22.5
San Ramón,2024-07-02,24.7,16.7,0.7,64.3,23.8
San Ramón,2024-07-05,27.0,16.5,4.1,66.1,21.4
San Ramón,2024-07-08,28.5,18.2,1.8,68.3,14.7
San Ramón,2024-07-11,26.8,13.8,3.9,67.3,20.9
San Ramón,2024-07-14,26.0,12.7,3.4,48.3,17.8
San Ramón,2024-07-17,27.2,16.8,0.8,51.6,16.8
San Ramón,2024-07-20,25.4,14.7,0.5,57.9,21.2
San Ramón,2024-07-23,27.7,18.2,3.5,77.9,19.3
San Ramón,2024-07-26,28.4,13.3,0.8,73.8,21.7
San Ramón,2024-07-29,28.5,15.2,0.7,65.4,21.7
San Ramón,2024-08-01,28.8,19.7,3.0,63.5,14.0
San Ramón,2024-08-04,31.2,17.1,2.0,100.0,21.3
San Ramón,2024-08-07,24.0,15.9,3.4,66.0,18.4
San Ramón,2024-08-10,25.8,13.5,1.9,73.0,19.1
San Ramón,2024-08-13,29.2,17.2,0.6,76.8,20.5
San Ramón,2024-08-16,29.0,17.8,6.1,67.8,26.1
San Ramón,2024-08-19,26.1,17.1,2.1,63.9,16.8
San Ramón,2024-08-22,26.4,15.3,1.8,63.5,21.1
San Ramón,2024-08-25,30.5,17.4,1.4,76.4,17.8
San Ramón,2024-08-28,28.4,16.3,0.4,69.0,19.9
San Ramón,2024-08-31,30.7,16.3,2.6,79.4,22.7
San Ramón,2024-09-03,22.8,18.5,3.1,77.2,16.1
San Ramón,2024-09-06,24.3,20.2,1.2,81.5,20.5
San Ramón,2024-09-09,26.2,16.2,2.6,69.9,15.7
San Ramón,2024-09-12,26.3,18.1,1.3,55.2,23.4
San Ramón,2024-09-15,27.3,15.2,1.3,68.3,15.3
San Ramón,2024-09-18,31.9,16.3,5.3,65.9,24.7
San Ramón,2024-09-21,26.0,13.2,0.8,83.3,23.3
San Ramón,2024-09-24,26.7,19.0,4.3,67.3,19.3
San Ramón,2024-09-27,28.1,14.6,0.1,73.1,13.3
San Ramón,2024-09-30,26.8,15.7,4.4,51.6,18.5
San Ramón,2024-10-03,26.1,18.2,1.5,88.0,22.6
San Ramón,2024-10-06,26.3,16.8,2.7,78.6,14.7
San Ramón,2024-10-09,25.2,17.2,2.1,48.0,25.5
San Ramón,2024-10-12,26.9,12.5,3.0,54.7,19.9
San Ramón,2024-10-15,27.1,17.6,0.9,58.9,18.3
San Ramón,2024-10-18,27.4,16.8,2.1,79.0,17.5
San Ramón,2024-10-21,25.1,15.2,2.2,68.7,17.2
San Ramón,2024-10-24,29.6,20.6,5.6,82.3,24.1
San Ramón,2024-10-27,25.8,16.3,9.5,100.0,14.9
San Ramón,2024-10-30,26.8,15.0,0.9,62.5,18.9
San Ramón,2024-11-02,28.6,16.1,0.3,62.5,13.9
San Ramón,2024-11-05,27.9,17.3,2.3,62.1,21.0
San Ramón,2024-11-08,26.1,14.0,0.4,78.2,23.8
San Ramón,2024-11-11,25.8,18.7,3.8,76.5,18.0
San Ramón,2024-11-14,26.7,11.5,0.5,70.9,18.4
San Ramón,2024-11-17,31.7,14.0,9.0,61.0,17.7
San Ramón,2024-11-20,29.9,19.2,1.5,62.8,15.4
San Ramón,2024-11-23,30.6,18.5,1.8,56.0,14.8
San Ramón,2024-11-26,27.7,17.4,11.5,66.8,26.5
San Ramón,2024-11-29,26.7,19.3,2.6,59.2,18.8
San Ramón,2024-12-02,27.0,14.4,10.3,85.1,16.1
San Ramón,2024-12-05,30.0,15.4,0.0,75.6,17.6
San Ramón,2024-12-08,28.7,12.2,3.7,45.3,19.1
San Ramón,2024-12-11,29.4,17.5,7.7,58.3,17.2
San Ramón,2024-12-14,27.8,12.2,4.6,73.1,18.9
San Ramón,2024-12-17,28.6,16.7,4.3,50.6,20.5
San Ramón,2024-12-20,24.9,15.1,14.5,84.2,19.8
San Ramón,2024-12-23,28.7,13.4,1.2,69.4,24.9
San Ramón,2024-12-26,25.9,15.8,7.3,69.1,15.6
San Ramón,2024-12-29,33.7,14.1,6.2,73.5,21.1
La Esperanza,2023-01-01,28.3,15.6,17.5,67.8,22.4
La Esperanza,2023-01-04,28.0,17.1,3.3,54.5,19.4
La Esperanza,2023-01-07,27.8,20.2,4.2,64.2,16.4
La Esperanza,2023-01-10,32.4,16.1,0.5,79.7,19.4
La Esperanza,2023-01-13,25.4,15.1,14.6,57.4,21.6
La Esperanza,2023-01-16,29.1,18.6,4.9,60.7,16.1
La Esperanza,2023-01-19,30.6,16.6,10.8,76.5,15.9
La Esperanza,2023-01-22,30.0,20.6,0.0,80.0,20.6
La Esperanza,2023-01-25,32.8,15.7,7.8,76.7,19.2
La Esperanza,2023-01-28,31.7,17.0,2.5,91.2,21.1
La Esperanza,2023-01-31,30.2,20.2,13.8,56.9,25.0
La Esperanza,2023-02-03,29.5,17.4,0.0,46.1,19.2
La Esperanza,2023-02-06,27.0,19.7,1.5,75.8,21.6
La Esperanza,2023-02-09,25.1,19.0,5.2,82.5,28.5
La Esperanza,2023-02-12,24.6,17.1,5.1,71.7,20.1
La Esperanza,2023-02-15,28.3,19.9,4.2,59.6,15.9
La Esperanza,2023-02-18,27.9,15.4,2.9,68.3,16.9
La Esperanza,2023-02-21,31.0,17.7,2.4,68.0,19.9
La Esperanza,2023-02-24,27.4,17.8,3.2,61.9,23.0
La Esperanza,2023-02-27,27.4,19.5,0.1,85.2,15.4
La Esperanza,2023-03-02,25.1,16.6,4.6,56.2,22.5
La Esperanza,2023-03-05,28.8,16.9,6.4,64.0,26.6
La Esperanza,2023-03-08,27.0,15.2,0.1,67.8,28.2
La Esperanza,2023-03-11,27.5,19.5,0.5,64.8,17.0
La Esperanza,2023-03-14,30.7,19.0,2.4,58.7,9.9
La Esperanza,2023-03-17,30.3,17.3,2.1,53.1,15.6
La Esperanza,2023-03-20,27.6,16.5,0.5,75.8,29.1
La Esperanza,2023-03-23,28.8,20.1,4.2,53.3,18.6
La Esperanza,2023-03-26,24.8,17.9,2.1,50.5,26.9
La Esperanza,2023-03-29,27.5,14.6,4.4,62.7,24.4
La Esperanza,2023-04-01,27.0,16.8,2.9,75.9,23.1
La Esperanza,2023-04-04,28.6,18.9,3.0,72.0,19.4
La Esperanza,2023-04-07,25.2,19.0,0.0,82.8,14.3
La Esperanza,2023-04-10,32.9,17.8,0.3,66.0,13.3
La Esperanza,2023-04-13,28.5,18.5,1.7,68.0,11.2
La Esperanza,2023-04-16,25.0,21.9,1.6,84.3,16.3
La Esperanza,2023-04-19,28.4,19.1,0.5,85.9,20.3
La Esperanza,2023-04-22,30.0,17.3,0.4,87.3,17.6
La Esperanza,2023-04-25,30.8,18.8,0.1,72.1,20.0
La Esperanza,2023-04-28,26.7,18.6,0.7,69.3,19.7
La Esperanza,2023-05-01,28.6,17.1,0.7,63.6,30.0
La Esperanza,2023-05-04,25.3,16.7,4.9,90.4,14.7
La Esperanza,2023-05-07,29.9,18.3,1.8,82.4,24.9
La Esperanza,2023-05-10,27.7,18.2,4.3,71.0,16.8
La Esperanza,2023-05-13,28.4,14.5,0.4,53.0,20.6
La Esperanza,2023-05-16,25.8,16.1,1.9,85.6,16.9
La Esperanza,2023-05-19,32.6,14.9,2.4,65.1,16.3
La Esperanza,2023-05-22,30.4,19.7,0.9,72.1,20.5
La Esperanza,2023-05-25,30.2,18.4,0.4,53.7,19.5
La Esperanza,2023-05-28,25.4,18.4,0.6,65.3,20.5
La Esperanza,2023-05-31,30.7,13.7,0.4,73.6,8.4
La Esperanza,2023-06-03,26.4,20.0,0.2,73.7,23.5
La Esperanza,2023-06-06,29.4,19.0,1.0,71.2,17.5
La Esperanza,2023-06-09,32.0,20.9,0.4,65.9,16.2
La Esperanza,2023-06-12,32.0,18.9,3.8,63.7,21.7
La Esperanza,2023-06-15,26.1,19.1,0.7,86.3,22.8
La Esperanza,2023-06-18,25.4,18.2,3.4,61.3,19.8
La Esperanza,2023-06-21,32.4,19.1,0.7,62.7,16.0
La Esperanza,2023-06-24,31.9,15.4,1.0,69.3,24.1
La Esperanza,2023-06-27,30.4,18.8,3.5,82.2,30.0
La Esperanza,2023-06-30,30.6,18.0,1.9,63.6,19.1
La Esperanza,2023-07-03,27.5,17.8,1.2,82.5,19.4
La Esperanza,2023-07-06,25.8,20.5,1.2,52.7,22.8
La Esperanza,2023-07-09,31.4,13.0,6.5,68.9,22.9
La Esperanza,2023-07-12,27.6,16.2,0.6,65.3,22.2
La Esperanza,2023-07-15,26.1,15.1,0.9,72.5,23.7
La Esperanza,2023-07-18,27.5,16.2,4.5,54.8,25.0
La Esperanza,2023-07-21,32.1,19.6,3.1,61.8,19.2
La Esperanza,2023-07-24,25.6,15.9,0.4,76.5,15.8
La Esperanza,2023-07-27,30.5,18.7,2.4,75.7,24.2
La Esperanza,2023-07-30,30.0,19.8,3.6,68.8,19.8
La Esperanza,2023-08-02,28.2,18.7,0.2,73.9,19.3
La Esperanza,2023-08-05,27.0,20.0,1.7,59.8,19.2
La Esperanza,2023-08-08,24.5,17.9,0.6,64.3,26.3
La Esperanza,2023-08-11,25.9,19.3,3.5,80.8,19.9
La Esperanza,2023-08-14,26.0,15.1,2.9,63.1,17.1
La Esperanza,2023-08-17,28.0,17.6,0.1,57.6,17.3
La Esperanza,2023-08-20,28.4,17.4,2.8,72.3,13.5
La Esperanza,2023-08-23,29.9,18.9,1.5,57.9,27.0
La Esperanza,2023-08-26,26.2,19.2,1.1,76.0,26.8
La Esperanza,2023-08-29,30.2,16.7,1.2,63.7,20.7
La Esperanza,2023-09-01,25.6,15.8,1.6,73.7,13.2
La Esperanza,2023-09-04,30.1,16.2,1.7,66.5,15.5
La Esperanza,2023-09-07,29.0,16.0,4.1,70.0,19.4
La Esperanza,2023-09-10,30.3,15.8,3.6,74.1,15.6
La Esperanza,2023-09-13,26.1,19.5,0.2,57.5,17.5
La Esperanza,2023-09-16,26.6,21.4,0.5,65.8,22.3
La Esperanza,2023-09-19,25.4,16.5,0.0,74.5,19.6
La Esperanza,2023-09-22,29.5,18.0,0.8,67.0,18.3
La Esperanza,2023-09-25,29.4,18.7,1.5,58.2,16.0
La Esperanza,2023-09-28,29.8,20.8,0.0,65.9,20.9
La Esperanza,2023-10-01,26.0,20.5,0.4,63.3,19.3
La Esperanza,2023-10-04,27.5,20.5,1.1,71.6,22.3
La Esperanza,2023-10-07,27.0,18.2,1.1,54.5,21.0
La Esperanza,2023-10-10,28.7,18.1,1.6,72.6,25.3
La Esperanza,2023-10-13,25.9,17.2,0.3,74.8,21.8
La Esperanza,2023-10-16,35.7,19.1,0.4,66.9,16.0
La Esperanza,2023-10-19,28.1,19.3,2.4,74.0,19.1
La Esperanza,2023-10-22,27.9,17.5,0.3,78.4,16.0
La Esperanza,2023-10-25,30.7,16.5,2.3,68.1,26.3
La Esperanza,2023-10-28,27.8,18.2,3.1,61.3,19.7
La Esperanza,2023-10-31,28.2,16.8,0.4,81.1,17.6
La Esperanza,2023-11-03,30.3,18.5,0.6,75.2,14.3
La Esperanza,2023-11-06,30.4,16.8,0.4,57.1,20.5
La Esperanza,2023-11-09,31.2,16.2,1.4,74.5,21.9
La Esperanza,2023-11-12,22.8,21.9,1.6,77.0,19.4
La Esperanza,2023-11-15,24.2,19.2,0.8,75.4,19.1
La Esperanza,2023-11-18,29.4,16.3,5.2,58.1,29.0
La Esperanza,2023-11-21,34.4,21.1,0.4,69.2,24.7
La Esperanza,2023-11-24,28.6,14.7,5.4,81.3,19.9
La Esperanza,2023-11-27,25.8,16.7,3.2,79.5,13.6
La Esperanza,2023-11-30,29.6,16.2,1.0,72.4,18.7
La Esperanza,2023-12-03,30.9,15.3,7.7,46.1,11.3
La Esperanza,2023-12-06,33.3,22.0,18.5,61.8,18.8
La Esperanza,2023-12-09,31.0,16.8,11.1,69.9,17.7
La Esperanza,2023-12-12,27.5,18.4,7.2,74.5,18.1
La Esperanza,2023-12-15,29.2,20.6,1.1,79.2,12.8
La Esperanza,2023-12-18,27.7,17.9,15.0,50.4,19.6
La Esperanza,2023-12-21,32.5,16.3,2.9,73.3,20.7
La Esperanza,2023-12-24,32.8,18.7,0.2,66.4,17.0
La Esperanza,2023-12-27,28.3,15.5,4.0,66.1,17.3
La Esperanza,2023-12-30,30.1,15.6,7.0,65.2,24.6
La Esperanza,2024-01-01,28.9,16.6,6.4,71.1,13.3
La Esperanza,2024-01-04,29.8,16.1,9.2,76.9,16.9
La Esperanza,2024-01-07,25.0,17.6,3.1,79.4,19.3
La Esperanza,2024-01-10,29.8,17.1,0.3,66.3,20.9
La Esperanza,2024-01-13,30.3,16.2,4.3,70.5,20.5
La Esperanza,2024-01-16,31.6,18.7,6.4,72.1,17.2
La Esperanza,2024-01-19,26.8,16.9,24.4,77.5,15.6
La Esperanza,2024-01-22,29.7,16.1,9.5,83.4,25.9
La Esperanza,2024-01-25,27.9,17.7,15.1,84.0,22.9
La Esperanza,2024-01-28,24.0,20.3,2.0,64.9,15.9
La Esperanza,2024-01-31,28.5,15.7,0.9,77.4,17.7
La Esperanza,2024-02-03,24.5,17.1,2.5,71.5,14.6
La Esperanza,2024-02-06,26.7,17.7,3.0,62.1,15.3
La Esperanza,2024-02-09,27.3,17.4,22.0,64.9,21.2
La Esperanza,2024-02-12,31.0,16.7,27.0,72.0,28.2
La Esperanza,2024-02-15,24.1,16.3,4.5,71.0,20.8
La Esperanza,2024-02-18,30.1,16.5,3.5,68.8,18.6
La Esperanza,2024-02-21,25.6,12.6,1.4,90.5,21.8
La Esperanza,2024-02-24,29.0,15.5,2.9,79.8,28.0
La Esperanza,2024-02-27,31.0,17.9,2.0,72.1,17.0
La Esperanza,2024-03-01,23.7,14.0,0.2,67.1,14.1
La Esperanza,2024-03-04,27.2,15.6,1.5,66.3,18.7
La Esperanza,2024-03-07,25.7,18.1,22.5,50.1,20.0
La Esperanza,2024-03-10,27.5,17.1,18.5,60.8,20.0
La Esperanza,2024-03-13,26.2,19.4,19.3,69.5,29.9
La Esperanza,2024-03-16,26.8,17.4,15.8,77.3,21.2
La Esperanza,2024-03-19,27.8,16.5,14.7,73.3,28.1
La Esperanza,2024-03-22,30.3,16.9,2.4,61.3,19.0
La Esperanza,2024-03-25,29.7,19.3,9.5,65.2,28.7
La Esperanza,2024-03-28,27.5,19.9,0.7,72.5,18.8
La Esperanza,2024-03-31,29.6,19.0,3.7,66.5,23.7
La Esperanza,2024-04-03,27.0,15.3,3.0,81.0,18.2
La Esperanza,2024-04-06,27.8,13.9,4.0,71.2,20.1
La Esperanza,2024-04-09,24.9,14.8,6.4,74.6,12.1
La Esperanza,2024-04-12,24.8,12.6,0.2,52.0,20.1
La Esperanza,2024-04-15,31.4,19.6,2.8,73.0,16.0
La Esperanza,2024-04-18,24.3,16.1,2.8,76.0,17.1
La Esperanza,2024-04-21,29.0,11.8,3.1,61.8,20.3
La Esperanza,2024-04-24,26.8,16.0,3.0,70.2,22.2
La Esperanza,2024-04-27,27.7,15.7,0.1,78.3,17.8
La Esperanza,2024-04-30,27.1,18.6,4.1,56.6,18.6
La Esperanza,2024-05-03,24.9,20.7,10.2,65.0,18.5
La Esperanza,2024-05-06,27.5,15.6,2.6,34.7,20.2
La Esperanza,2024-05-09,27.3,18.4,5.5,68.1,23.3
La Esperanza,2024-05-12,24.5,17.8,1.0,58.2,19.3
La Esperanza,2024-05-15,30.8,16.6,1.0,62.5,24.2
La Esperanza,2024-05-18,25.7,16.7,1.3,76.6,21.0
La Esperanza,2024-05-21,25.4,18.0,3.5,64.2,12.7
La Esperanza,2024-05-24,28.5,15.6,1.8,75.6,18.2
La Esperanza,2024-05-27,26.6,16.1,1.5,70.3,15.1
La Esperanza,2024-05-30,24.3,16.6,5.8,54.4,22.5
La Esperanza,2024-06-02,29.0,15.5,3.4,71.9,22.4
La Esperanza,2024-06-05,28.8,11.1,1.6,75.2,18.4
La Esperanza,2024-06-08,27.4,17.8,0.8,57.0,26.0
La Esperanza,2024-06-11,30.1,16.0,0.2,41.5,18.7
La Esperanza,2024-06-14,23.9,16.7,0.2,77.0,25.6
La Esperanza,2024-06-17,27.2,20.8,3.6,56.9,17.8
La Esperanza,2024-06-20,26.3,17.5,0.5,67.0,19.4
La Esperanza,2024-06-23,26.2,17.9,2.9,81.7,18.7
La Esperanza,2024-06-26,30.3,13.6,1.6,57.9,20.0
La Esperanza,2024-06-29,30.3,15.1,2.8,67.8,22.3
La Esperanza,2024-07-02,26.1,15.2,1.6,64.3,24.7
La Esperanza,2024-07-05,27.5,14.8,1.6,64.1,25.7
La Esperanza,2024-07-08,30.8,16.4,2.5,92.9,21.5
La Esperanza,2024-07-11,26.5,18.2,0.8,83.1,17.4
La Esperanza,2024-07-14,28.1,13.9,8.2,69.8,21.1
La Esperanza,2024-07-17,26.9,15.8,1.6,77.9,26.0
La Esperanza,2024-07-20,25.9,17.4,0.9,70.1,13.9
La Esperanza,2024-07-23,24.0,14.7,2.8,84.1,21.5
La Esperanza,2024-07-26,27.2,11.9,3.6,70.0,27.9
La Esperanza,2024-07-29,25.5,18.0,2.1,70.6,24.9
La Esperanza,2024-08-01,26.4,14.9,0.9,70.5,24.4
La Esperanza,2024-08-04,25.6,19.1,0.2,74.3,20.5
La Esperanza,2024-08-07,26.0,16.3,2.4,79.6,19.2
La Esperanza,2024-08-10,23.5,12.9,1.8,76.2,15.4
La Esperanza,2024-08-13,28.0,16.6,3.6,74.4,20.6
La Esperanza,2024-08-16,20.5,15.6,7.7,86.4,26.7
La Esperanza,2024-08-19,23.9,15.6,3.8,85.2,24.1
La Esperanza,2024-08-22,28.2,16.6,4.2,82.1,24.6
La Esperanza,2024-08-25,28.4,15.6,0.4,78.2,19.2
La Esperanza,2024-08-28,26.4,18.5,8.4,62.5,18.9
La Esperanza,2024-08-31,28.2,17.3,3.6,88.8,21.7
La Esperanza,2024-09-03,28.6,19.8,2.5,69.1,15.0
La Esperanza,2024-09-06,26.8,13.3,2.8,74.2,18.9
La Esperanza,2024-09-09,27.0,17.8,0.8,72.0,22.8
La Esperanza,2024-09-12,22.8,17.7,0.3,68.8,15.3
La Esperanza,2024-09-15,30.9,14.0,0.5,71.3,18.3
La Esperanza,2024-09-18,23.5,17.3,0.4,59.6,17.7
La Esperanza,2024-09-21,29.3,18.9,1.5,68.5,10.3
La Esperanza,2024-09-24,28.3,19.2,2.8,74.6,15.2
La Esperanza,2024-09-27,26.0,20.1,2.7,58.5,23.8
La Esperanza,2024-09-30,26.2,13.9,2.1,74.6,18.5
La Esperanza,2024-10-03,24.4,20.4,0.3,84.0,23.6
La Esperanza,2024-10-06,26.0,15.3,2.7,84.6,12.5
La Esperanza,2024-10-09,28.7,16.0,0.2,72.6,14.6
La Esperanza,2024-10-12,26.1,14.7,4.7,69.3,15.9
La Esperanza,2024-10-15,31.2,17.3,2.8,68.4,17.8
La Esperanza,2024-10-18,31.7,15.1,6.1,77.2,15.0
La Esperanza,2024-10-21,29.1,17.4,0.7,78.9,25.2
La Esperanza,2024-10-24,27.0,14.6,2.2,54.7,14.3
La Esperanza,2024-10-27,28.7,19.5,0.4,80.0,12.0
La Esperanza,2024-10-30,26.0,12.5,8.1,54.5,14.9
La Esperanza,2024-11-02,28.6,18.4,0.7,75.7,22.2
La Esperanza,2024-11-05,26.7,14.1,2.1,76.1,23.6
La Esperanza,2024-11-08,28.1,13.9,0.2,70.0,18.1
La Esperanza,2024-11-11,26.5,14.9,8.6,55.8,16.0
La Esperanza,2024-11-14,26.5,19.5,0.7,53.6,25.4
La Esperanza,2024-11-17,30.7,13.9,7.9,69.3,24.5
La Esperanza,2024-11-20,31.3,14.5,0.8,47.7,18.5
La Esperanza,2024-11-23,26.2,18.6,7.6,79.5,14.6
La Esperanza,2024-11-26,29.4,17.3,2.8,49.3,24.2
La Esperanza,2024-11-29,26.8,13.7,0.2,73.6,19.7
La Esperanza,2024-12-02,23.4,20.1,4.5,66.6,18.8
La Esperanza,2024-12-05,28.2,14.0,4.0,56.7,19.7
La Esperanza,2024-12-08,24.4,14.0,10.5,70.6,20.8
La Esperanza,2024-12-11,22.3,15.1,2.6,71.9,11.4
La Esperanza,2024-12-14,27.8,17.0,0.7,63.4,11.0
La Esperanza,2024-12-17,24.8,14.1,7.1,42.8,18.2
La Esperanza,2024-12-20,30.8,16.3,2.1,53.6,13.6
La Esperanza,2024-12-23,30.9,16.5,2.1,58.8,20.4
La Esperanza,2024-12-26,24.4,18.7,11.1,63.7,9.9
La Esperanza,2024-12-29,23.1,19.4,9.5,66.3,22.6
El Palmar,2023-01-01,27.8,18.0,0.9,64.3,21.6
El Palmar,2023-01-04,29.3,22.1,8.7,81.5,15.7
El Palmar,2023-01-07,30.1,16.4,8.5,76.9,20.2
El Palmar,2023-01-10,34.8,20.7,5.3,77.6,27.1
El Palmar,2023-01-13,25.2,20.6,8.0,64.4,22.2
El Palmar,2023-01-16,31.9,15.5,24.8,71.0,19.3
El Palmar,2023-01-19,31.0,24.7,3.1,62.6,14.8
El Palmar,2023-01-22,28.0,15.9,4.5,74.5,18.1
El Palmar,2023-01-25,33.8,16.4,19.4,76.4,23.6
El Palmar,2023-01-28,32.0,18.7,2.5,63.3,23.7
El Palmar,2023-01-31,31.1,20.9,15.2,60.9,23.3
El Palmar,2023-02-03,22.2,18.8,25.0,64.2,18.3
El Palmar,2023-02-06,26.1,16.8,18.5,63.2,17.0
El Palmar,2023-02-09,28.1,17.3,1.3,66.1,21.4
El Palmar,2023-02-12,27.4,16.6,3.0,54.3,15.2
El Palmar,2023-02-15,29.3,20.0,7.6,64.5,14.5
El Palmar,2023-02-18,28.2,20.0,3.7,69.5,25.8
El Palmar,2023-02-21,30.0,16.3,3.7,61.7,21.7
El Palmar,2023-02-24,30.1,15.1,4.8,68.8,22.2
El Palmar,2023-02-27,30.9,18.8,4.4,79.3,16.5
El Palmar,2023-03-02,25.5,11.4,10.0,61.8,21.6
El Palmar,2023-03-05,23.9,16.5,5.8,59.7,21.6
El Palmar,2023-03-08,27.4,17.8,23.4,79.5,20.4
El Palmar,2023-03-11,26.8,16.9,1.6,59.8,19.3
El Palmar,2023-03-14,27.9,17.6,14.5,51.5,22.1
El Palmar,2023-03-17,31.2,14.2,3.1,80.8,22.4
El Palmar,2023-03-20,27.8,15.9,20.3,72.5,20.4
El Palmar,2023-03-23,28.4,15.7,14.0,74.7,20.8
El Palmar,2023-03-26,29.1,21.2,4.7,82.8,17.1
El Palmar,2023-03-29,31.6,20.3,6.6,86.6,21.9
El Palmar,2023-04-01,26.6,17.1,3.0,79.2,15.8
El Palmar,2023-04-04,28.5,18.2,3.7,93.6,20.9
El Palmar,2023-04-07,28.7,20.2,7.0,80.1,13.3
El Palmar,2023-04-10,27.7,19.9,9.2,62.3,16.4
El Palmar,2023-04-13,30.2,16.6,1.3,78.8,17.8
El Palmar,2023-04-16,23.9,15.2,0.7,51.4,18.8
El Palmar,2023-04-19,25.3,21.1,2.8,59.4,21.0
El Palmar,2023-04-22,26.4,17.2,4.0,65.3,18.9
El Palmar,2023-04-25,26.5,20.1,1.2,65.6,19.8
El Palmar,2023-04-28,27.2,19.6,5.4,55.9,28.4
El Palmar,2023-05-01,25.3,20.4,2.6,65.0,18.4
El Palmar,2023-05-04,28.7,18.2,3.4,67.7,16.9
El Palmar,2023-05-07,25.8,16.2,3.6,65.8,21.7
El Palmar,2023-05-10,29.1,21.8,3.1,74.7,20.0
El Palmar,2023-05-13,30.9,19.3,2.4,71.7,17.0
El Palmar,2023-05-16,30.4,14.1,3.3,69.8,18.1
El Palmar,2023-05-19,28.2,17.5,10.2,100.0,24.9
El Palmar,2023-05-22,27.4,19.1,2.1,60.7,15.0
El Palmar,2023-05-25,28.7,19.4,3.0,62.8,22.3
El Palmar,2023-05-28,28.9,20.7,2.0,93.5,13.8
El Palmar,2023-05-31,23.8,17.7,10.0,69.6,19.7
El Palmar,2023-06-03,28.3,16.1,5.9,66.8,24.4
El Palmar,2023-06-06,28.4,15.9,1.8,68.3,14.9
El Palmar,2023-06-09,25.5,18.9,0.7,84.1,20.6
El Palmar,2023-06-12,28.7,15.8,2.0,70.0,17.3
El Palmar,2023-06-15,29.3,14.5,0.4,58.8,21.4
El Palmar,2023-06-18,28.8,19.9,3.3,75.7,19.5
El Palmar,2023-06-21,26.5,18.6,1.7,63.7,20.2
El Palmar,2023-06-24,28.5,17.5,0.2,57.0,20.3
El Palmar,2023-06-27,26.8,15.8,0.8,77.3,20.7
El Palmar,2023-06-30,27.5,16.7,9.9,46.0,23.2
El Palmar,2023-07-03,24.1,15.0,1.1,91.7,26.7
El Palmar,2023-07-06,30.6,18.5,3.2,71.6,17.8
El Palmar,2023-07-09,26.8,18.1,0.5,78.7,12.3
El Palmar,2023-07-12,29.0,16.1,1.3,73.0,15.5
El Palmar,2023-07-15,29.2,17.4,5.5,65.3,19.4
El Palmar,2023-07-18,26.9,17.8,5.0,63.9,26.4
El Palmar,2023-07-21,29.9,17.1,7.3,59.7,18.3
El Palmar,2023-07-24,28.0,15.3,0.0,64.9,18.6
El Palmar,2023-07-27,27.4,23.7,0.3,49.3,13.6
El Palmar,2023-07-30,30.7,20.5,2.1,82.8,23.0
El Palmar,2023-08-02,28.4,17.3,0.5,78.8,21.6
El Palmar,2023-08-05,27.1,17.5,0.8,72.5,23.5
El Palmar,2023-08-08,30.2,18.4,4.8,79.0,22.9
El Palmar,2023-08-11,29.5,16.4,8.7,69.3,18.8
El Palmar,2023-08-14,35.5,14.7,3.7,61.4,20.5
El Palmar,2023-08-17,35.2,15.9,2.1,69.8,16.6
El Palmar,2023-08-20,31.0,16.8,2.4,56.7,12.8
El Palmar,2023-08-23,28.3,14.7,1.5,54.7,15.8
El Palmar,2023-08-26,29.9,16.7,8.2,90.4,16.0
El Palmar,2023-08-29,28.3,17.4,3.2,80.6,22.8
El Palmar,2023-09-01,30.0,16.2,0.4,67.7,23.0
El Palmar,2023-09-04,25.9,21.9,1.2,69.9,15.4
El Palmar,2023-09-07,25.6,16.1,15.8,65.9,16.1
El Palmar,2023-09-10,30.6,16.3,2.7,66.1,24.0
El Palmar,2023-09-13,29.4,17.6,15.4,58.6,14.9
El Palmar,2023-09-16,32.1,18.9,6.4,64.4,16.7
El Palmar,2023-09-19,26.6,18.7,5.7,90.8,25.0
El Palmar,2023-09-22,32.1,19.2,2.1,76.0,18.6
El Palmar,2023-09-25,32.9,18.6,0.2,71.3,27.0
El Palmar,2023-09-28,25.2,21.5,0.3,55.9,17.0
El Palmar,2023-10-01,24.7,19.1,4.8,71.7,24.5
El Palmar,2023-10-04,27.1,17.3,3.5,66.1,30.0
El Palmar,2023-10-07,30.8,17.3,4.3,69.6,20.5
El Palmar,2023-10-10,27.8,18.9,4.6,60.4,21.5
El Palmar,2023-10-13,25.9,19.3,0.0,51.7,20.4
El Palmar,2023-10-16,24.6,19.2,0.1,88.5,24.3
El Palmar,2023-10-19,26.2,13.8,7.7,57.8,27.3
El Palmar,2023-10-22,28.8,19.7,1.9,68.2,19.9
El Palmar,2023-10-25,31.6,18.4,1.2,86.2,18.8
El Palmar,2023-10-28,27.7,12.2,1.2,71.0,20.4
El Palmar,2023-10-31,27.8,16.7,10.2,74.6,22.6
El Palmar,2023-11-03,28.2,19.7,1.0,65.0,20.8
El Palmar,2023-11-06,25.4,18.3,1.7,59.7,11.9
El Palmar,2023-11-09,28.4,21.0,2.5,76.4,29.4
El Palmar,2023-11-12,29.8,16.3,4.7,70.0,17.5
El Palmar,2023-11-15,27.4,19.8,2.2,53.5,16.7
El Palmar,2023-11-18,27.7,19.0,1.1,97.0,18.1
El Palmar,2023-11-21,27.8,19.0,0.5,68.6,18.3
El Palmar,2023-11-24,22.3,18.1,5.2,82.7,20.0
El Palmar,2023-11-27,25.7,17.3,0.7,57.9,22.5
El Palmar,2023-11-30,28.2,19.7,11.6,67.6,18.1
El Palmar,2023-12-03,31.2,19.2,1.5,85.4,18.5
El Palmar,2023-12-06,32.2,15.7,12.1,77.5,14.0
El Palmar,2023-12-09,30.3,18.0,10.6,69.4,20.2
El Palmar,2023-12-12,30.1,16.5,4.3,74.7,19.9
El Palmar,2023-12-15,27.8,17.7,29.1,65.6,18.1
El Palmar,2023-12-18,24.6,17.7,0.5,78.4,20.4
El Palmar,2023-12-21,31.2,19.3,8.1,79.8,26.3
El Palmar,2023-12-24,28.4,15.2,13.2,77.8,26.3
El Palmar,2023-12-27,32.0,21.7,3.4,72.3,14.5
El Palmar,2023-12-30,29.6,16.7,7.6,70.5,21.9
El Palmar,2024-01-01,21.8,18.0,0.7,88.7,22.9
El Palmar,2024-01-04,32.8,17.9,9.1,75.3,20.0
El Palmar,2024-01-07,26.6,16.6,0.6,75.3,20.0
El Palmar,2024-01-10,27.7,16.5,5.1,77.8,15.5
El Palmar,2024-01-13,25.4,19.5,4.2,75.5,26.5
El Palmar,2024-01-16,32.6,19.1,1.4,92.5,10.7
El Palmar,2024-01-19,27.4,19.3,12.9,82.4,19.8
El Palmar,2024-01-22,28.9,17.0,5.0,64.5,21.1
El Palmar,2024-01-25,26.7,19.5,11.3,81.0,15.5
El Palmar,2024-01-28,24.3,17.6,13.5,82.7,17.8
El Palmar,2024-01-31,29.7,19.0,12.9,83.7,19.3
El Palmar,2024-02-03,28.4,17.6,2.4,62.4,13.2
El Palmar,2024-02-06,29.4,13.5,5.0,81.9,22.3
El Palmar,2024-02-09,31.2,18.8,2.2,64.1,21.6
El Palmar,2024-02-12,27.5,19.5,12.3,87.2,17.9
El Palmar,2024-02-15,32.1,18.8,4.3,75.4,21.0
El Palmar,2024-02-18,29.5,17.2,3.0,66.6,13.3
El Palmar,2024-02-21,30.7,15.1,1.2,76.5,23.4
El Palmar,2024-02-24,24.2,17.4,3.6,70.5,25.4
El Palmar,2024-02-27,26.5,13.5,13.9,64.6,13.0
El Palmar,2024-03-01,28.2,20.1,3.3,93.4,16.6
El Palmar,2024-03-04,28.8,15.2,0.3,68.7,14.0
El Palmar,2024-03-07,35.7,16.6,16.6,79.7,27.3
El Palmar,2024-03-10,31.4,15.2,1.6,51.2,23.6
El Palmar,2024-03-13,24.5,16.0,1.7,74.5,19.0
El Palmar,2024-03-16,32.4,19.0,3.8,57.7,26.8
El Palmar,2024-03-19,26.6,21.1,2.7,75.1,24.1
El Palmar,2024-03-22,20.9,17.2,4.1,79.2,15.1
El Palmar,2024-03-25,27.9,12.5,2.9,51.2,24.5
El Palmar,2024-03-28,31.6,16.6,0.6,67.8,21.0
El Palmar,2024-03-31,25.7,18.8,15.5,51.7,19.5
El Palmar,2024-04-03,28.1,18.1,2.8,88.9,20.6
El Palmar,2024-04-06,29.2,18.0,1.6,75.8,21.8
El Palmar,2024-04-09,30.4,13.9,2.8,69.2,19.2
El Palmar,2024-04-12,30.0,17.6,4.8,57.5,20.0
El Palmar,2024-04-15,25.2,18.4,6.2,55.3,18.5
El Palmar,2024-04-18,30.8,18.0,1.6,55.0,13.2
El Palmar,2024-04-21,28.9,18.7,3.4,76.0,20.0
El Palmar,2024-04-24,27.9,15.4,2.0,56.8,16.6
El Palmar,2024-04-27,28.8,17.4,2.0,56.5,19.5
El Palmar,2024-04-30,25.0,16.8,0.2,78.4,18.2
El Palmar,2024-05-03,28.1,16.7,2.3,63.5,18.5
El Palmar,2024-05-06,28.8,18.7,6.2,67.5,13.1
El Palmar,2024-05-09,29.9,16.2,2.6,83.2,19.2
El Palmar,2024-05-12,26.0,17.6,1.9,66.8,17.7
El Palmar,2024-05-15,30.0,18.6,1.4,53.5,21.8
El Palmar,2024-05-18,26.7,18.0,1.6,51.1,20.3
El Palmar,2024-05-21,29.9,18.9,0.5,50.2,25.1
El Palmar,2024-05-24,29.6,15.2,2.6,72.3,22.7
El Palmar,2024-05-27,27.4,19.2,2.9,59.6,11.7
El Palmar,2024-05-30,26.4,20.6,2.2,72.3,17.4
El Palmar,2024-06-02,28.0,18.5,1.5,64.3,25.7
El Palmar,2024-06-05,26.0,16.1,0.8,72.8,17.5
El Palmar,2024-06-08,28.8,18.8,0.5,68.7,19.8
El Palmar,2024-06-11,32.4,16.5,8.4,72.5,24.3
El Palmar,2024-06-14,29.5,17.4,0.1,69.4,24.9
El Palmar,2024-06-17,25.5,17.1,1.8,63.0,21.0
El Palmar,2024-06-20,29.7,18.5,8.8,53.5,21.0
El Palmar,2024-06-23,27.3,21.3,0.9,89.9,16.2
El Palmar,2024-06-26,30.0,19.3,4.3,66.5,25.1
El Palmar,2024-06-29,28.6,17.9,0.2,76.4,19.0
El Palmar,2024-07-02,29.8,18.1,0.3,69.5,23.1
El Palmar,2024-07-05,28.1,14.7,0.1,61.9,14.7
El Palmar,2024-07-08,26.0,18.2,2.9,48.7,18.5
El Palmar,2024-07-11,31.5,16.7,0.3,80.4,23.2
El Palmar,2024-07-14,31.1,12.0,1.6,76.4,29.8
El Palmar,2024-07-17,26.6,14.1,0.0,67.2,22.6
El Palmar,2024-07-20,31.3,17.4,3.6,75.2,19.0
El Palmar,2024-07-23,27.7,19.7,2.9,80.8,19.3
El Palmar,2024-07-26,23.2,17.3,0.5,68.7,17.3
El Palmar,2024-07-29,28.5,15.5,1.3,82.2,16.1
El Palmar,2024-08-01,28.6,19.5,2.8,77.9,21.2
El Palmar,2024-08-04,30.4,20.3,2.6,51.6,17.9
El Palmar,2024-08-07,30.3,16.3,0.3,69.4,20.3
El Palmar,2024-08-10,31.4,17.2,0.2,59.8,23.6
El Palmar,2024-08-13,24.9,17.0,0.3,70.7,25.9
El Palmar,2024-08-16,24.7,14.2,0.9,78.7,19.2
El Palmar,2024-08-19,29.6,19.1,4.4,62.9,20.8
El Palmar,2024-08-22,30.9,15.3,1.4,67.6,21.7
El Palmar,2024-08-25,28.6,16.5,2.1,64.6,18.8
El Palmar,2024-08-28,24.6,16.2,1.6,73.2,22.4
El Palmar,2024-08-31,30.0,21.8,3.4,53.8,15.8
El Palmar,2024-09-03,26.8,15.6,0.8,82.5,26.2
El Palmar,2024-09-06,29.9,21.9,1.9,53.7,24.2
El Palmar,2024-09-09,24.0,16.1,1.1,69.0,19.2
El Palmar,2024-09-12,25.6,17.6,2.2,70.2,16.7
El Palmar,2024-09-15,25.5,16.0,1.5,73.4,16.8
El Palmar,2024-09-18,23.1,18.4,0.9,76.9,17.0
El Palmar,2024-09-21,26.1,17.9,0.9,77.5,20.5
El Palmar,2024-09-24,29.5,14.1,1.9,44.9,26.9
El Palmar,2024-09-27,32.4,18.4,0.5,54.5,19.1
El Palmar,2024-09-30,33.1,17.9,0.6,52.4,25.5
El Palmar,2024-10-03,28.4,14.1,1.0,57.2,19.5
El Palmar,2024-10-06,29.1,16.6,2.2,70.8,24.2
El Palmar,2024-10-09,27.7,23.7,1.4,61.0,15.9
El Palmar,2024-10-12,28.1,14.2,0.0,50.9,20.6
El Palmar,2024-10-15,25.2,16.8,1.2,93.0,15.7
El Palmar,2024-10-18,28.2,16.1,5.7,62.9,23.3
El Palmar,2024-10-21,27.4,22.1,4.2,59.9,18.5
El Palmar,2024-10-24,26.6,19.2,0.1,56.6,17.6
El Palmar,2024-10-27,30.3,20.1,6.4,75.3,19.7
El Palmar,2024-10-30,30.6,15.3,9.0,74.4,16.0
El Palmar,2024-11-02,28.4,17.8,0.1,79.4,23.3
El Palmar,2024-11-05,29.1,16.7,1.6,64.0,19.2
El Palmar,2024-11-08,35.1,18.0,0.4,62.9,24.1
El Palmar,2024-11-11,30.5,19.1,1.4,80.3,25.1
El Palmar,2024-11-14,29.3,17.4,5.6,61.0,17.1
El Palmar,2024-11-17,28.5,14.1,0.5,60.4,18.1
El Palmar,2024-11-20,28.1,17.7,0.2,69.3,19.8
El Palmar,2024-11-23,27.5,16.0,1.8,49.0,19.2
El Palmar,2024-11-26,27.4,18.4,1.0,65.0,19.6
El Palmar,2024-11-29,31.3,18.3,0.5,65.1,23.5
El Palmar,2024-12-02,25.6,17.4,2.5,66.1,30.0
El Palmar,2024-12-05,27.6,18.5,9.4,75.3,23.5
El Palmar,2024-12-08,27.1,17.5,13.8,58.6,24.1
El Palmar,2024-12-11,27.2,12.8,0.7,62.0,19.0
El Palmar,2024-12-14,32.7,17.3,18.2,57.7,13.5
El Palmar,2024-12-17,28.2,18.3,1.1,65.2,20.1
El Palmar,2024-12-20,24.0,18.5,0.1,89.7,20.0
El Palmar,2024-12-23,26.2,17.5,0.8,74.3,20.1
El Palmar,2024-12-26,25.4,14.3,5.8,83.8,20.3
El Palmar,2024-12-29,30.6,19.6,7.4,61.9,20.8
Santa Rosa,2023-01-01,28.5,14.7,4.2,68.8,19.8
Santa Rosa,2023-01-04,29.6,11.0,10.6,69.2,14.5
Santa Rosa,2023-01-07,28.3,14.2,13.6,88.5,24.0
Santa Rosa,2023-01-10,28.1,16.4,29.7,90.0,23.2
Santa Rosa,2023-01-13,24.8,12.9,27.2,69.4,14.3
Santa Rosa,2023-01-16,27.7,15.1,3.9,74.4,17.6
Santa Rosa,2023-01-19,28.2,14.7,20.8,64.7,24.5
Santa Rosa,2023-01-22,26.0,18.4,33.4,62.6,8.3
Santa Rosa,2023-01-25,29.3,15.0,3.6,64.1,18.3
Santa Rosa,2023-01-28,29.9,16.0,3.6,74.9,18.8
Santa Rosa,2023-01-31,25.7,16.8,3.6,80.0,19.0
Santa Rosa,2023-02-03,27.1,16.8,35.2,58.7,16.8
Santa Rosa,2023-02-06,26.1,17.0,26.3,56.4,17.6
Santa Rosa,2023-02-09,25.8,17.2,6.7,65.7,14.4
Santa Rosa,2023-02-12,27.9,15.3,14.1,67.4,24.5
Santa Rosa,2023-02-15,24.1,14.0,10.7,70.8,22.7
Santa Rosa,2023-02-18,27.7,15.6,16.0,78.3,24.6
Santa Rosa,2023-02-21,29.4,13.3,3.0,66.4,17.0
Santa Rosa,2023-02-24,26.2,17.3,19.9,67.4,23.4
Santa Rosa,2023-02-27,27.0,14.5,7.3,74.1,19.7
Santa Rosa,2023-03-02,23.2,17.3,15.0,85.9,14.4
Santa Rosa,2023-03-05,26.2,14.3,0.5,65.1,27.1
Santa Rosa,2023-03-08,27.0,14.1,31.4,52.8,17.9
Santa Rosa,2023-03-11,25.1,15.2,11.9,69.1,24.1
Santa Rosa,2023-03-14,30.7,11.9,43.2,61.5,20.6
Santa Rosa,2023-03-17,23.6,19.0,2.2,68.8,26.4
Santa Rosa,2023-03-20,26.6,16.5,32.6,56.3,17.6
Santa Rosa,2023-03-23,32.1,16.9,2.1,60.2,23.6
Santa Rosa,2023-03-26,23.3,12.5,0.4,89.5,27.6
Santa Rosa,2023-03-29,25.5,14.3,24.1,70.8,20.6
Santa Rosa,2023-04-01,28.6,17.5,6.9,75.6,17.2
Santa Rosa,2023-04-04,28.0,14.6,4.9,73.8,20.3
Santa Rosa,2023-04-07,28.6,12.5,2.3,67.3,14.2
Santa Rosa,2023-04-10,25.6,14.9,3.4,71.4,24.1
Santa Rosa,2023-04-13,27.4,14.6,8.0,77.3,24.8
Santa Rosa,2023-04-16,26.3,12.4,8.1,66.7,10.6
Santa Rosa,2023-04-19,31.1,16.8,0.1,58.9,24.1
Santa Rosa,2023-04-22,23.9,13.6,1.6,71.1,22.5
Santa Rosa,2023-04-25,29.6,17.7,6.9,80.2,17.3
Santa Rosa,2023-04-28,22.1,14.3,12.1,63.7,16.2
Santa Rosa,2023-05-01,25.5,16.9,1.2,52.7,14.8
Santa Rosa,2023-05-04,24.7,17.2,10.0,62.8,22.9
Santa Rosa,2023-05-07,29.0,15.6,11.0,72.7,19.1
Santa Rosa,2023-05-10,26.1,14.6,2.0,72.5,24.1
Santa Rosa,2023-05-13,30.0,16.6,3.1,80.4,21.9
Santa Rosa,2023-05-16,33.2,16.3,0.3,72.9,19.6
Santa Rosa,2023-05-19,26.0,16.2,1.9,81.5,21.2
Santa Rosa,2023-05-22,25.5,15.0,8.8,79.7,21.1
Santa Rosa,2023-05-25,27.4,15.4,0.3,60.3,26.9
Santa Rosa,2023-05-28,26.9,17.9,1.3,65.9,21.7
Santa Rosa,2023-05-31,26.8,13.3,1.6,75.9,18.0
Santa Rosa,2023-06-03,25.8,15.3,3.3,51.7,22.0
Santa Rosa,2023-06-06,26.0,14.4,0.8,76.7,22.9
Santa Rosa,2023-06-09,27.1,17.8,3.2,78.2,17.8
Santa Rosa,2023-06-12,27.9,16.7,3.4,54.3,11.9
Santa Rosa,2023-06-15,26.8,16.3,3.3,80.5,20.6
Santa Rosa,2023-06-18,30.0,16.4,0.9,74.6,22.7
Santa Rosa,2023-06-21,25.3,12.8,3.1,60.0,24.5
Santa Rosa,2023-06-24,25.6,19.1,11.3,71.3,25.7
Santa Rosa,2023-06-27,24.4,15.3,0.2,63.2,21.0
Santa Rosa,2023-06-30,23.4,15.4,3.1,67.8,16.0
Santa Rosa,2023-07-03,29.2,17.1,16.2,57.1,16.2
Santa Rosa,2023-07-06,28.0,16.2,2.0,66.7,16.3
Santa Rosa,2023-07-09,29.0,14.5,4.0,54.5,17.7
Santa Rosa,2023-07-12,29.2,14.2,0.1,46.7,17.8
Santa Rosa,2023-07-15,26.2,19.1,4.8,76.7,24.2
Santa Rosa,2023-07-18,24.9,14.9,5.9,55.2,18.2
Santa Rosa,2023-07-21,29.8,16.7,12.7,71.1,22.3
Santa Rosa,2023-07-24,28.6,14.5,0.9,83.2,22.7
Santa Rosa,2023-07-27,24.5,13.6,11.7,70.6,12.9
Santa Rosa,2023-07-30,27.9,18.2,10.3,63.2,16.8
Santa Rosa,2023-08-02,27.4,15.3,2.5,76.0,24.4
Santa Rosa,2023-08-05,23.8,16.1,1.4,69.0,23.5
Santa Rosa,2023-08-08,29.1,18.5,2.7,68.9,19.0
Santa Rosa,2023-08-11,22.3,18.3,1.4,75.1,22.7
Santa Rosa,2023-08-14,23.5,13.8,3.1,72.9,17.7
Santa Rosa,2023-08-17,26.3,17.8,0.9,55.3,26.5
Santa Rosa,2023-08-20,29.1,15.4,0.3,80.5,21.9
Santa Rosa,2023-08-23,23.0,15.2,7.6,70.2,17.0
Santa Rosa,2023-08-26,24.1,19.2,8.0,84.1,21.0
Santa Rosa,2023-08-29,29.8,14.0,4.9,72.9,25.5
Santa Rosa,2023-09-01,27.5,14.4,11.6,53.2,10.7
Santa Rosa,2023-09-04,28.7,14.9,0.3,78.3,25.6
Santa Rosa,2023-09-07,28.0,19.5,4.3,73.0,21.0
Santa Rosa,2023-09-10,23.4,17.6,5.4,64.1,20.1
Santa Rosa,2023-09-13,24.7,14.8,8.2,81.0,17.3
Santa Rosa,2023-09-16,25.5,13.1,3.6,67.5,12.1
Santa Rosa,2023-09-19,26.9,16.5,7.0,69.3,18.5
Santa Rosa,2023-09-22,31.6,15.7,3.7,64.6,22.8
Santa Rosa,2023-09-25,23.0,14.7,19.1,64.0,25.0
Santa Rosa,2023-09-28,25.1,17.1,0.4,69.7,24.0
Santa Rosa,2023-10-01,28.0,15.9,10.1,88.4,17.5
Santa Rosa,2023-10-04,24.3,13.6,0.9,48.6,17.3
Santa Rosa,2023-10-07,28.0,15.5,3.3,64.8,24.1
Santa Rosa,2023-10-10,27.5,16.8,9.4,75.2,21.8
Santa Rosa,2023-10-13,24.3,16.4,2.7,81.6,21.7
Santa Rosa,2023-10-16,24.2,14.0,2.4,71.9,19.5
Santa Rosa,2023-10-19,23.8,13.4,0.3,38.8,19.5
Santa Rosa,2023-10-22,32.5,19.2,1.6,71.5,14.1
Santa Rosa,2023-10-25,23.4,13.3,4.0,68.2,21.0
Santa Rosa,2023-10-28,28.3,15.0,8.3,59.1,14.6
Santa Rosa,2023-10-31,22.9,17.0,1.8,51.3,19.7
Santa Rosa,2023-11-03,23.5,19.0,5.3,76.8,24.4
Santa Rosa,2023-11-06,24.3,15.8,2.7,71.2,21.4
Santa Rosa,2023-11-09,23.3,16.8,4.2,73.5,23.7
Santa Rosa,2023-11-12,28.3,16.4,7.8,76.9,26.0
Santa Rosa,2023-11-15,26.6,16.0,5.8,56.6,22.0
Santa Rosa,2023-11-18,26.1,13.2,3.3,84.3,13.5
Santa Rosa,2023-11-21,29.2,10.6,2.2,88.4,18.7
Santa Rosa,2023-11-24,26.9,17.2,1.9,70.7,20.3
Santa Rosa,2023-11-27,31.3,13.2,3.1,60.7,15.9
Santa Rosa,2023-11-30,29.5,15.7,7.0,64.8,17.7
Santa Rosa,2023-12-03,25.5,13.1,3.8,66.4,17.0
Santa Rosa,2023-12-06,27.0,16.1,19.0,68.6,28.6
Santa Rosa,2023-12-09,32.0,13.5,7.7,59.4,24.2
Santa Rosa,2023-12-12,25.7,16.1,4.7,69.9,22.8
Santa Rosa,2023-12-15,28.0,14.5,13.3,61.5,25.4
Santa Rosa,2023-12-18,25.2,14.7,12.0,60.8,18.3
Santa Rosa,2023-12-21,20.6,15.2,7.9,76.6,23.2
Santa Rosa,2023-12-24,27.7,14.2,1.3,67.7,25.9
Santa Rosa,2023-12-27,24.6,14.2,8.6,55.2,21.2
Santa Rosa,2023-12-30,27.2,18.2,2.3,94.0,19.7
Santa Rosa,2024-01-01,28.6,16.1,10.4,72.4,15.4
Santa Rosa,2024-01-04,27.7,16.2,11.7,63.2,24.8
Santa Rosa,2024-01-07,31.9,13.6,7.2,41.2,22.7
Santa Rosa,2024-01-10,22.1,14.8,7.9,67.8,23.4
Santa Rosa,2024-01-13,22.2,15.1,5.0,85.8,21.7
Santa Rosa,2024-01-16,23.9,14.9,5.2,77.1,16.3
Santa Rosa,2024-01-19,26.2,15.4,3.7,52.9,17.3
Santa Rosa,2024-01-22,30.3,15.1,0.7,71.4,28.9
Santa Rosa,2024-01-25,26.8,18.0,0.7,67.4,20.1
Santa Rosa,2024-01-28,24.9,15.4,1.7,62.0,20.0
Santa Rosa,2024-01-31,28.6,14.2,13.9,70.7,19.3
Santa Rosa,2024-02-03,21.8,15.1,0.1,87.5,22.3
Santa Rosa,2024-02-06,29.6,13.4,9.8,82.2,16.4
Santa Rosa,2024-02-09,29.2,17.3,15.1,66.7,16.1
Santa Rosa,2024-02-12,31.3,17.1,3.6,65.9,20.2
Santa Rosa,2024-02-15,27.2,16.6,0.9,62.2,14.1
Santa Rosa,2024-02-18,27.0,12.3,0.3,64.9,22.0
Santa Rosa,2024-02-21,31.8,11.9,1.1,67.7,21.4
Santa Rosa,2024-02-24,23.3,17.8,6.6,69.4,12.3
Santa Rosa,2024-02-27,27.0,17.5,4.2,81.7,24.5
Santa Rosa,2024-03-01,25.2,19.0,11.4,70.5,20.4
Santa Rosa,2024-03-04,27.0,10.6,3.3,56.4,26.5
Santa Rosa,2024-03-07,30.8,17.5,8.3,59.9,17.4
Santa Rosa,2024-03-10,31.7,14.4,19.8,85.0,26.6
Santa Rosa,2024-03-13,29.4,18.2,10.1,49.2,20.1
Santa Rosa,2024-03-16,28.4,15.5,3.4,60.4,16.0
Santa Rosa,2024-03-19,31.4,19.6,2.9,72.8,16.1
Santa Rosa,2024-03-22,28.4,19.3,1.4,74.6,22.2
Santa Rosa,2024-03-25,28.1,19.1,12.6,67.7,22.7
Santa Rosa,2024-03-28,27.0,14.6,3.8,76.7,20.9
Santa Rosa,2024-03-31,24.6,14.9,1.5,61.6,21.3
Santa Rosa,2024-04-03,27.9,17.8,0.7,64.2,26.2
Santa Rosa,2024-04-06,26.4,15.9,3.8,81.3,24.7
Santa Rosa,2024-04-09,29.6,15.9,0.1,89.3,23.4
Santa Rosa,2024-04-12,25.7,18.7,2.5,84.1,25.9
Santa Rosa,2024-04-15,24.5,17.0,4.6,96.1,17.0
Santa Rosa,2024-04-18,30.4,15.9,8.0,68.8,20.0
Santa Rosa,2024-04-21,24.2,16.4,2.3,72.4,17.8
Santa Rosa,2024-04-24,26.4,15.8,0.1,81.1,21.1
Santa Rosa,2024-04-27,23.3,14.7,0.7,81.2,25.2
Santa Rosa,2024-04-30,31.3,16.1,0.6,55.5,21.7
Santa Rosa,2024-05-03,24.1,15.7,1.3,73.0,16.5
Santa Rosa,2024-05-06,27.8,14.8,5.0,91.0,24.3
Santa Rosa,2024-05-09,27.7,15.0,2.3,85.4,21.2
Santa Rosa,2024-05-12,19.1,20.7,1.7,73.4,24.3
Santa Rosa,2024-05-15,28.0,17.3,0.7,57.7,21.1
Santa Rosa,2024-05-18,30.4,14.5,2.7,82.2,18.2
Santa Rosa,2024-05-21,25.8,15.1,1.4,54.3,17.8
Santa Rosa,2024-05-24,27.4,16.3,1.0,88.4,26.0
Santa Rosa,2024-05-27,29.1,15.5,1.8,70.2,22.3
Santa Rosa,2024-05-30,28.9,17.1,1.4,77.9,25.0
Santa Rosa,2024-06-02,29.0,15.8,5.6,61.4,17.3
Santa Rosa,2024-06-05,27.5,16.9,7.5,65.0,21.0
Santa Rosa,2024-06-08,24.6,16.7,5.4,62.8,20.2
Santa Rosa,2024-06-11,27.8,14.1,0.3,74.7,17.0
Santa Rosa,2024-06-14,22.7,12.7,2.4,56.8,18.6
Santa Rosa,2024-06-17,31.0,13.1,0.9,91.3,21.6
Santa Rosa,2024-06-20,25.9,15.5,0.8,87.0,17.9
Santa Rosa,2024-06-23,24.9,13.1,3.7,55.9,18.1
Santa Rosa,2024-06-26,24.5,18.0,5.6,74.0,13.6
Santa Rosa,2024-06-29,27.1,13.4,1.5,92.1,23.7
Santa Rosa,2024-07-02,26.5,22.2,0.5,81.7,13.9
Santa Rosa,2024-07-05,26.2,13.1,8.0,70.6,18.8
Santa Rosa,2024-07-08,29.6,14.7,2.7,78.2,14.1
Santa Rosa,2024-07-11,24.9,15.9,2.1,84.2,19.1
Santa Rosa,2024-07-14,26.0,14.1,2.1,67.0,18.9
Santa Rosa,2024-07-17,26.6,16.9,6.3,62.3,21.7
Santa Rosa,2024-07-20,19.3,14.6,1.3,67.6,24.8
Santa Rosa,2024-07-23,25.7,14.7,0.1,64.0,18.4
Santa Rosa,2024-07-26,27.1,15.0,3.7,81.0,18.3
Santa Rosa,2024-07-29,24.3,13.5,2.0,73.1,14.3
Santa Rosa,2024-08-01,28.7,17.3,0.2,73.0,22.5
Santa Rosa,2024-08-04,32.3,15.2,9.1,54.7,27.0
Santa Rosa,2024-08-07,31.2,14.0,1.9,66.8,24.9
Santa Rosa,2024-08-10,23.6,11.9,6.5,73.1,21.8
Santa Rosa,2024-08-13,26.3,16.8,2.9,61.6,20.4
Santa Rosa,2024-08-16,21.1,15.2,2.6,67.0,17.8
Santa Rosa,2024-08-19,24.3,12.2,4.3,67.0,14.5
Santa Rosa,2024-08-22,27.0,15.2,0.6,48.4,22.7
Santa Rosa,2024-08-25,23.7,15.9,3.5,66.1,24.6
Santa Rosa,2024-08-28,28.1,18.1,1.9,74.0,12.9
Santa Rosa,2024-08-31,26.0,15.4,2.6,64.9,21.1
Santa Rosa,2024-09-03,27.4,18.1,0.9,74.4,23.3
Santa Rosa,2024-09-06,22.6,12.6,1.0,77.9,22.7
Santa Rosa,2024-09-09,29.1,14.5,0.5,68.8,25.8
Santa Rosa,2024-09-12,31.1,17.4,13.1,83.4,19.0
Santa Rosa,2024-09-15,25.8,15.6,4.9,68.2,15.5
Santa Rosa,2024-09-18,29.4,16.9,1.1,53.7,27.6
Santa Rosa,2024-09-21,22.9,13.4,3.4,83.1,20.9
Santa Rosa,2024-09-24,26.2,14.2,1.8,81.3,23.2
Santa Rosa,2024-09-27,30.2,16.6,2.4,74.6,18.5
Santa Rosa,2024-09-30,25.4,13.6,1.0,74.6,22.0
Santa Rosa,2024-10-03,25.2,16.2,2.1,68.7,9.9
Santa Rosa,2024-10-06,22.9,15.2,2.0,52.0,15.0
Santa Rosa,2024-10-09,27.4,19.4,6.5,77.0,18.6
Santa Rosa,2024-10-12,25.5,16.0,0.8,77.2,13.6
Santa Rosa,2024-10-15,29.0,15.9,3.7,53.6,16.1
Santa Rosa,2024-10-18,29.8,15.4,2.0,61.2,19.9
Santa Rosa,2024-10-21,23.4,16.0,5.1,73.2,16.4
Santa Rosa,2024-10-24,26.0,16.9,0.3,67.1,27.6
Santa Rosa,2024-10-27,24.4,18.0,5.1,76.5,22.8
Santa Rosa,2024-10-30,25.5,13.4,2.2,63.8,22.1
Santa Rosa,2024-11-02,24.1,16.0,2.8,67.7,15.4
Santa Rosa,2024-11-05,26.6,14.8,8.6,63.4,16.3
Santa Rosa,2024-11-08,23.5,18.0,4.6,48.0,17.5
Santa Rosa,2024-11-11,29.1,14.3,1.0,61.4,22.0
Santa Rosa,2024-11-14,29.4,16.7,1.3,60.6,24.7
Santa Rosa,2024-11-17,24.8,17.8,4.1,71.4,14.5
Santa Rosa,2024-11-20,25.3,14.1,1.3,70.9,21.9
Santa Rosa,2024-11-23,25.6,14.0,2.6,59.7,24.3
Santa Rosa,2024-11-26,26.5,15.2,4.0,69.2,13.4
Santa Rosa,2024-11-29,24.2,17.9,1.4,53.2,21.4
Santa Rosa,2024-12-02,25.4,14.1,11.0,80.0,12.1
Santa Rosa,2024-12-05,24.7,16.1,15.2,75.5,16.6
Santa Rosa,2024-12-08,30.6,13.1,1.1,74.9,16.5
Santa Rosa,2024-12-11,28.6,14.8,1.8,51.6,21.3
Santa Rosa,2024-12-14,25.8,18.1,3.1,82.5,22.0
Santa Rosa,2024-12-17,26.5,17.4,0.9,74.7,10.8
Santa Rosa,2024-12-20,24.4,18.6,6.4,78.8,22.8
Santa Rosa,2024-12-23,25.0,11.8,16.9,90.8,16.5
Santa Rosa,2024-12-26,24.8,13.8,3.0,67.6,17.5
Santa Rosa,2024-12-29,30.4,17.0,23.6,57.8,24.6
Los Álamos,2023-01-01,24.9,16.2,14.7,49.5,15.6
Los Álamos,2023-01-04,27.1,17.5,13.3,68.3,22.0
Los Álamos,2023-01-07,28.8,19.2,3.6,71.2,30.0
Los Álamos,2023-01-10,31.7,16.2,6.7,62.1,21.8
Los Álamos,2023-01-13,26.0,16.2,3.6,80.0,22.0
Los Álamos,2023-01-16,31.5,19.1,2.9,65.0,23.3
Los Álamos,2023-01-19,32.0,18.3,0.2,85.9,19.9
Los Álamos,2023-01-22,29.6,19.4,9.6,61.8,21.5
Los Álamos,2023-01-25,29.3,22.1,2.5,64.0,22.9
Los Álamos,2023-01-28,30.2,21.0,6.5,71.9,19.6
Los Álamos,2023-01-31,29.5,16.6,19.1,74.2,25.1
Los Álamos,2023-02-03,29.4,17.6,0.6,62.1,24.3
Los Álamos,2023-02-06,32.1,20.9,3.3,65.1,20.4
Los Álamos,2023-02-09,30.3,17.3,9.5,75.8,16.4
Los Álamos,2023-02-12,34.1,18.6,6.8,61.7,26.0
Los Álamos,2023-02-15,34.0,20.4,0.5,75.4,22.9
Los Álamos,2023-02-18,27.5,19.9,2.8,67.9,18.7
Los Álamos,2023-02-21,30.6,17.1,15.4,81.5,18.2
Los Álamos,2023-02-24,29.4,17.2,13.2,78.5,19.0
Los Álamos,2023-02-27,26.4,17.7,12.0,71.9,20.4
Los Álamos,2023-03-02,29.9,19.9,5.8,74.5,16.1
Los Álamos,2023-03-05,35.8,17.8,11.6,75.7,18.4
Los Álamos,2023-03-08,29.4,18.4,3.5,74.4,13.4
Los Álamos,2023-03-11,33.8,20.0,12.0,52.6,16.8
Los Álamos,2023-03-14,32.9,26.7,0.8,80.4,22.1
Los Álamos,2023-03-17,27.3,20.4,1.2,57.9,14.9
Los Álamos,2023-03-20,31.8,18.3,10.3,69.8,15.5
Los Álamos,2023-03-23,27.7,17.2,3.3,65.0,15.7
Los Álamos,2023-03-26,30.8,19.7,5.7,67.0,27.4
Los Álamos,2023-03-29,26.9,19.2,0.2,80.9,21.2
Los Álamos,2023-04-01,28.3,18.5,0.3,69.1,14.7
Los Álamos,2023-04-04,32.5,20.5,2.5,67.0,19.1
Los Álamos,2023-04-07,26.5,14.7,4.3,66.4,14.2
Los Álamos,2023-04-10,29.8,20.7,2.6,68.7,12.6
Los Álamos,2023-04-13,31.2,18.7,1.6,89.4,16.7
Los Álamos,2023-04-16,22.2,16.3,4.6,70.3,15.1
Los Álamos,2023-04-19,25.8,17.7,7.2,75.2,18.4
Los Álamos,2023-04-22,27.8,16.9,0.4,70.4,20.8
Los Álamos,2023-04-25,29.8,18.2,6.9,62.7,18.4
Los Álamos,2023-04-28,34.6,15.7,0.6,71.0,18.8
Los Álamos,2023-05-01,32.1,17.8,3.7,78.1,27.2
Los Álamos,2023-05-04,32.9,18.1,1.2,70.5,20.6
Los Álamos,2023-05-07,27.3,20.3,0.0,57.3,20.2
Los Álamos,2023-05-10,24.7,17.2,1.0,72.9,27.5
Los Álamos,2023-05-13,30.8,21.3,0.6,88.6,17.1
Los Álamos,2023-05-16,27.4,19.7,1.4,72.2,19.0
Los Álamos,2023-05-19,27.9,21.6,0.7,76.9,22.1
Los Álamos,2023-05-22,25.4,16.7,9.0,75.6,18.5
Los Álamos,2023-05-25,29.2,15.5,1.1,70.7,22.0
Los Álamos,2023-05-28,28.0,17.1,4.0,50.8,21.1
Los Álamos,2023-05-31,26.4,17.6,1.4,70.4,9.7
Los Álamos,2023-06-03,28.6,18.2,5.6,85.1,17.6
Los Álamos,2023-06-06,28.8,17.2,1.2,83.1,29.9
Los Álamos,2023-06-09,31.3,20.6,0.3,72.5,26.3
Los Álamos,2023-06-12,31.4,18.7,2.8,51.8,21.2
Los Álamos,2023-06-15,25.5,15.1,3.9,58.9,20.0
Los Álamos,2023-06-18,29.7,18.8,1.8,79.0,19.6
Los Álamos,2023-06-21,30.5,16.0,0.8,81.0,23.9
Los Álamos,2023-06-24,27.4,17.3,0.6,63.4,14.4
Los Álamos,2023-06-27,29.0,19.7,6.6,69.1,19.1
Los Álamos,2023-06-30,32.0,17.2,3.1,61.5,15.4
Los Álamos,2023-07-03,30.7,18.1,3.2,82.7,25.3
Los Álamos,2023-07-06,25.3,19.7,1.3,65.4,21.3
Los Álamos,2023-07-09,25.1,21.3,5.2,61.3,17.7
Los Álamos,2023-07-12,25.1,17.8,2.9,56.7,23.1
Los Álamos,2023-07-15,32.6,18.3,1.4,74.3,19.9
Los Álamos,2023-07-18,26.7,17.1,15.8,72.5,20.0
Los Álamos,2023-07-21,29.9,15.3,1.4,70.0,30.0
Los Álamos,2023-07-24,28.4,19.0,4.0,71.9,19.7
Los Álamos,2023-07-27,26.9,21.4,1.0,74.3,18.1
Los Álamos,2023-07-30,28.9,15.5,0.5,67.2,15.1
Los Álamos,2023-08-02,32.5,17.4,0.1,78.4,21.9
Los Álamos,2023-08-05,23.9,19.8,7.4,66.7,19.6
Los Álamos,2023-08-08,25.4,18.8,1.2,67.1,20.6
Los Álamos,2023-08-11,32.1,16.8,2.4,79.5,18.3
Los Álamos,2023-08-14,26.6,15.5,4.0,62.6,24.8
Los Álamos,2023-08-17,27.7,16.6,2.2,63.1,20.0
Los Álamos,2023-08-20,31.9,18.6,2.8,72.1,13.2
Los Álamos,2023-08-23,30.4,18.7,0.1,76.1,19.2
Los Álamos,2023-08-26,32.0,17.8,0.0,66.9,21.8
Los Álamos,2023-08-29,28.5,21.7,0.5,78.7,26.2
Los Álamos,2023-09-01,25.5,15.6,0.1,70.4,19.2
Los Álamos,2023-09-04,25.3,20.7,0.2,82.8,24.3
Los Álamos,2023-09-07,30.0,16.7,1.5,65.5,24.4
Los Álamos,2023-09-10,32.3,16.7,5.3,65.0,20.3
Los Álamos,2023-09-13,32.2,16.8,4.4,71.0,29.3
Los Álamos,2023-09-16,30.2,18.2,0.1,66.6,12.8
Los Álamos,2023-09-19,28.8,17.9,0.2,69.3,11.7
Los Álamos,2023-09-22,28.5,18.9,1.2,65.9,19.7
Los Álamos,2023-09-25,27.4,18.4,0.8,61.0,21.1
Los Álamos,2023-09-28,30.0,18.1,6.6,68.6,18.9
Los Álamos,2023-10-01,28.3,16.5,0.3,64.3,17.8
Los Álamos,2023-10-04,26.9,14.9,2.1,78.7,20.8
Los Álamos,2023-10-07,33.3,19.9,0.0,88.8,19.6
Los Álamos,2023-10-10,29.6,18.4,1.6,70.0,17.4
Los Álamos,2023-10-13,30.9,16.8,2.4,74.1,19.2
Los Álamos,2023-10-16,30.8,15.4,1.9,65.4,30.0
Los Álamos,2023-10-19,29.8,17.2,1.5,83.1,18.6
Los Álamos,2023-10-22,27.4,19.1,3.1,76.3,20.1
Los Álamos,2023-10-25,29.8,18.9,0.1,74.2,24.4
Los Álamos,2023-10-28,29.5,16.8,7.4,77.5,12.9
Los Álamos,2023-10-31,24.9,20.2,3.3,57.3,20.4
Los Álamos,2023-11-03,28.4,17.9,0.4,57.1,15.6
Los Álamos,2023-11-06,28.6,18.1,3.9,77.9,18.3
Los Álamos,2023-11-09,28.3,19.0,5.5,78.4,16.3
Los Álamos,2023-11-12,25.9,17.8,5.0,57.6,14.4
Los Álamos,2023-11-15,29.8,16.9,2.0,79.7,17.5
Los Álamos,2023-11-18,32.3,18.5,4.4,67.9,9.4
Los Álamos,2023-11-21,26.6,18.1,1.1,52.1,19.8
Los Álamos,2023-11-24,26.6,18.9,4.0,77.4,24.3
Los Álamos,2023-11-27,30.5,20.1,4.7,98.2,15.1
Los Álamos,2023-11-30,28.1,20.2,5.5,74.9,22.7
Los Álamos,2023-12-03,24.2,21.6,3.8,82.5,11.9
Los Álamos,2023-12-06,30.0,17.3,7.0,73.2,21.5
Los Álamos,2023-12-09,26.7,18.3,3.5,75.0,24.0
Los Álamos,2023-12-12,29.8,15.8,3.5,96.1,26.6
Los Álamos,2023-12-15,22.0,18.5,11.3,68.2,18.2
Los Álamos,2023-12-18,28.7,19.5,1.2,81.9,19.8
Los Álamos,2023-12-21,27.1,20.6,2.4,64.4,17.7
Los Álamos,2023-12-24,34.8,17.0,17.7,74.6,23.1
Los Álamos,2023-12-27,35.1,21.2,17.7,61.1,26.5
Los Álamos,2023-12-30,28.5,17.1,34.2,57.5,18.1
Los Álamos,2024-01-01,26.1,13.5,3.6,72.1,20.3
Los Álamos,2024-01-04,25.7,15.1,12.9,83.9,16.9
Los Álamos,2024-01-07,27.3,18.0,4.1,69.8,19.8
Los Álamos,2024-01-10,23.8,16.4,10.5,75.6,15.3
Los Álamos,2024-01-13,27.1,18.8,2.3,73.7,25.1
Los Álamos,2024-01-16,24.1,16.9,3.0,72.8,16.9
Los Álamos,2024-01-19,22.8,15.4,0.3,72.9,21.6
Los Álamos,2024-01-22,27.6,16.9,5.3,67.3,20.3
Los Álamos,2024-01-25,31.4,16.3,0.0,71.0,19.1
Los Álamos,2024-01-28,26.0,16.5,9.0,68.5,16.8
Los Álamos,2024-01-31,27.3,17.2,22.4,49.9,22.4
Los Álamos,2024-02-03,27.3,14.1,0.1,56.0,24.2
Los Álamos,2024-02-06,26.9,11.5,0.2,65.9,17.8
Los Álamos,2024-02-09,25.2,15.8,1.5,51.4,25.1
Los Álamos,2024-02-12,26.4,14.6,7.1,77.7,14.8
Los Álamos,2024-02-15,27.4,14.9,4.8,59.0,17.5
Los Álamos,2024-02-18,27.1,16.5,10.3,69.1,23.6
Los Álamos,2024-02-21,22.9,16.0,0.6,59.5,21.0
Los Álamos,2024-02-24,25.7,13.6,3.7,79.2,12.3
Los Álamos,2024-02-27,23.4,17.2,0.2,85.0,22.5
Los Álamos,2024-03-01,27.8,14.0,13.5,57.2,25.2
Los Álamos,2024-03-04,28.1,14.4,7.9,92.4,19.1
Los Álamos,2024-03-07,28.4,15.2,14.6,54.9,20.0
Los Álamos,2024-03-10,27.2,19.6,32.2,67.2,25.2
Los Álamos,2024-03-13,26.4,15.7,2.6,60.7,12.7
Los Álamos,2024-03-16,25.5,14.1,13.4,62.1,18.1
Los Álamos,2024-03-19,25.9,15.9,2.7,59.4,20.3
Los Álamos,2024-03-22,29.7,16.3,2.4,68.8,11.8
Los Álamos,2024-03-25,26.7,15.2,0.7,62.5,18.4
Los Álamos,2024-03-28,29.5,18.2,4.7,64.8,18.0
Los Álamos,2024-03-31,29.1,16.3,5.6,75.4,17.6
Los Álamos,2024-04-03,30.5,16.0,0.6,67.7,24.9
Los Álamos,2024-04-06,26.0,17.9,3.1,62.3,22.6
Los Álamos,2024-04-09,24.9,17.7,0.2,61.3,19.7
Los Álamos,2024-04-12,25.7,16.7,0.5,66.3,22.1
Los Álamos,2024-04-15,27.1,16.1,1.4,61.4,21.3
Los Álamos,2024-04-18,26.3,14.2,1.8,71.0,19.1
Los Álamos,2024-04-21,30.4,12.4,5.5,61.2,20.8
Los Álamos,2024-04-24,25.6,14.2,1.9,88.6,19.1
Los Álamos,2024-04-27,27.9,16.2,1.3,48.9,21.5
Los Álamos,2024-04-30,25.2,11.3,0.4,88.5,17.4
Los Álamos,2024-05-03,29.0,18.4,5.7,71.2,13.1
Los Álamos,2024-05-06,25.3,17.9,0.4,73.7,20.5
Los Álamos,2024-05-09,32.5,15.2,2.0,71.3,26.8
Los Álamos,2024-05-12,24.0,16.4,1.7,71.4,24.9
Los Álamos,2024-05-15,28.0,18.5,1.7,61.8,20.1
Los Álamos,2024-05-18,26.9,15.7,2.6,82.0,18.5
Los Álamos,2024-05-21,30.6,16.1,1.2,75.6,16.7
Los Álamos,2024-05-24,28.0,19.9,0.8,79.0,22.8
Los Álamos,2024-05-27,27.8,16.4,2.7,77.6,14.6
Los Álamos,2024-05-30,27.7,15.7,0.7,83.0,17.1
Los Álamos,2024-06-02,23.6,17.6,5.2,50.7,23.6
Los Álamos,2024-06-05,27.4,17.0,1.4,56.2,15.3
Los Álamos,2024-06-08,26.4,13.5,0.9,65.4,20.7
Los Álamos,2024-06-11,27.4,16.8,0.6,66.6,20.7
Los Álamos,2024-06-14,27.6,11.2,0.5,71.5,22.3
Los Álamos,2024-06-17,23.8,15.4,1.3,77.4,14.4
Los Álamos,2024-06-20,24.7,17.1,2.6,60.7,23.6
Los Álamos,2024-06-23,29.4,17.5,0.4,67.7,19.2
Los Álamos,2024-06-26,25.4,16.4,2.2,65.7,22.4
Los Álamos,2024-06-29,30.0,16.8,0.2,62.9,12.6
Los Álamos,2024-07-02,28.8,14.5,0.4,52.3,16.4
Los Álamos,2024-07-05,23.3,15.2,1.5,70.9,25.0
Los Álamos,2024-07-08,28.7,12.8,1.0,71.1,19.6
Los Álamos,2024-07-11,27.0,16.5,0.8,68.2,24.7
Los Álamos,2024-07-14,25.3,14.0,2.5,58.7,13.1
Los Álamos,2024-07-17,26.2,18.9,0.3,71.8,11.5
Los Álamos,2024-07-20,28.1,16.2,0.7,71.8,20.7
Los Álamos,2024-07-23,24.4,16.7,0.1,67.7,16.5
Los Álamos,2024-07-26,26.6,17.8,0.7,75.8,17.3
Los Álamos,2024-07-29,27.7,14.9,0.4,85.2,14.4
Los Álamos,2024-08-01,28.3,19.5,1.6,56.7,14.9
Los Álamos,2024-08-04,25.2,16.4,0.5,57.3,16.5
Los Álamos,2024-08-07,25.0,15.7,5.0,60.7,16.1
Los Álamos,2024-08-10,24.2,17.3,0.5,61.0,18.5
Los Álamos,2024-08-13,25.1,16.6,0.8,75.5,19.6
Los Álamos,2024-08-16,25.4,13.4,1.8,76.8,18.1
Los Álamos,2024-08-19,30.1,16.1,0.0,73.0,19.3
Los Álamos,2024-08-22,24.7,15.8,2.2,64.9,21.8
Los Álamos,2024-08-25,24.3,17.6,0.1,58.0,19.1
Los Álamos,2024-08-28,29.4,13.5,2.4,69.3,28.5
Los Álamos,2024-08-31,25.4,17.0,3.8,64.1,20.6
Los Álamos,2024-09-03,25.9,15.3,4.0,69.8,23.6
Los Álamos,2024-09-06,27.2,18.2,1.7,69.4,17.5
Los Álamos,2024-09-09,25.8,13.1,1.1,71.5,26.9
Los Álamos,2024-09-12,28.4,14.3,9.9,67.9,23.2
Los Álamos,2024-09-15,26.5,17.1,0.3,77.2,13.6
Los Álamos,2024-09-18,31.1,13.8,0.3,67.3,19.5
Los Álamos,2024-09-21,26.4,16.6,1.3,80.6,25.6
Los Álamos,2024-09-24,27.9,19.5,0.2,80.8,21.7
Los Álamos,2024-09-27,25.7,16.4,0.3,69.7,21.7
Los Álamos,2024-09-30,29.2,16.0,1.5,61.8,15.5
Los Álamos,2024-10-03,26.2,14.9,0.6,63.2,22.1
Los Álamos,2024-10-06,32.1,17.7,1.8,66.2,20.4
Los Álamos,2024-10-09,28.1,14.7,1.0,78.5,24.4
Los Álamos,2024-10-12,27.2,13.7,0.4,55.6,20.3
Los Álamos,2024-10-15,27.7,15.5,0.1,74.2,21.0
Los Álamos,2024-10-18,24.0,15.5,2.6,85.8,18.9
Los Álamos,2024-10-21,28.4,17.8,2.4,81.5,24.8
Los Álamos,2024-10-24,30.5,17.0,5.1,63.8,28.5
Los Álamos,2024-10-27,29.0,18.7,8.6,78.4,25.7
Los Álamos,2024-10-30,24.3,15.7,0.5,68.2,16.7
Los Álamos,2024-11-02,26.5,21.9,0.5,55.6,22.2
Los Álamos,2024-11-05,29.0,15.4,4.7,72.8,14.6
Los Álamos,2024-11-08,24.5,16.4,2.7,62.9,16.8
Los Álamos,2024-11-11,26.8,17.8,2.2,86.2,17.2
Los Álamos,2024-11-14,27.5,15.3,2.9,62.2,27.7
Los Álamos,2024-11-17,22.8,19.5,1.1,75.5,25.3
Los Álamos,2024-11-20,29.2,14.6,2.8,88.7,16.5
Los Álamos,2024-11-23,32.3,16.8,0.3,61.1,19.1
Los Álamos,2024-11-26,22.2,15.2,2.7,59.3,23.0
Los Álamos,2024-11-29,26.5,14.8,1.2,73.6,20.3
Los Álamos,2024-12-02,25.3,16.3,1.6,58.6,18.8
Los Álamos,2024-12-05,28.5,17.2,7.0,76.8,16.1
Los Álamos,2024-12-08,24.7,15.5,6.0,71.6,18.9
Los Álamos,2024-12-11,30.9,15.5,0.6,64.9,16.0
Los Álamos,2024-12-14,26.6,15.5,3.1,96.0,21.3
Los Álamos,2024-12-17,28.2,15.1,5.0,68.0,17.7
Los Álamos,2024-12-20,29.6,12.7,8.6,57.2,19.0
Los Álamos,2024-12-23,30.4,15.3,0.5,70.3,25.2
Los Álamos,2024-12-26,23.1,17.5,1.6,79.2,16.7
Los Álamos,2024-12-29,27.1,15.8,1.3,57.2,17.7
